"","YEAR","State","CO2_emission"
"1",1980,"Alabama",61.6
"2",1981,"Alabama",58.8
"3",1982,"Alabama",47.8
"4",1983,"Alabama",49.9
"5",1984,"Alabama",54.7
"6",1985,"Alabama",62.1
"7",1986,"Alabama",61.9
"8",1987,"Alabama",61.9
"9",1988,"Alabama",61.2
"10",1989,"Alabama",64
"11",1990,"Alabama",64.2
"12",1991,"Alabama",68.2
"13",1992,"Alabama",72.9
"14",1993,"Alabama",76.5
"15",1994,"Alabama",72.8
"16",1995,"Alabama",78
"17",1996,"Alabama",83.9
"18",1997,"Alabama",81.7
"19",1998,"Alabama",80.8
"20",1999,"Alabama",81.7
"21",2000,"Alabama",85.3
"22",2001,"Alabama",79.4
"23",2002,"Alabama",79.8
"24",2003,"Alabama",82.3
"25",2004,"Alabama",80.5
"26",2005,"Alabama",84
"27",2006,"Alabama",83.7
"28",2007,"Alabama",83.8
"29",2008,"Alabama",79.5
"30",2009,"Alabama",59.5
"31",2010,"Alabama",67.8
"32",2011,"Alabama",61.4
"33",2012,"Alabama",51.6
"34",2013,"Alabama",53.3
"35",2014,"Alabama",54.3
"36",NA,"Alabama",NA
"37",1980,"Alaska",0.4
"38",1981,"Alaska",1.2
"39",1982,"Alaska",1.2
"40",1983,"Alaska",1.2
"41",1984,"Alaska",1.2
"42",1985,"Alaska",1.1
"43",1986,"Alaska",1.1
"44",1987,"Alaska",0.4
"45",1988,"Alaska",0.4
"46",1989,"Alaska",0.4
"47",1990,"Alaska",1.2
"48",1991,"Alaska",1.2
"49",1992,"Alaska",1.2
"50",1993,"Alaska",1.3
"51",1994,"Alaska",1.2
"52",1995,"Alaska",1.2
"53",1996,"Alaska",1
"54",1997,"Alaska",1.1
"55",1998,"Alaska",1.6
"56",1999,"Alaska",1.5
"57",2000,"Alaska",1.6
"58",2001,"Alaska",1.5
"59",2002,"Alaska",1.5
"60",2003,"Alaska",1.2
"61",2004,"Alaska",1.3
"62",2005,"Alaska",1.3
"63",2006,"Alaska",1.4
"64",2007,"Alaska",1.3
"65",2008,"Alaska",1.4
"66",2009,"Alaska",1.4
"67",2010,"Alaska",1.4
"68",2011,"Alaska",1.5
"69",2012,"Alaska",1.5
"70",2013,"Alaska",1.4
"71",2014,"Alaska",1.7
"72",NA,"Alaska",NA
"73",1980,"Arizona",23
"74",1981,"Arizona",30
"75",1982,"Arizona",31.6
"76",1983,"Arizona",27.7
"77",1984,"Arizona",30.5
"78",1985,"Arizona",32.1
"79",1986,"Arizona",27.8
"80",1987,"Arizona",26.6
"81",1988,"Arizona",29.1
"82",1989,"Arizona",33.2
"83",1990,"Arizona",32.3
"84",1991,"Arizona",32.7
"85",1992,"Arizona",34.8
"86",1993,"Arizona",36.7
"87",1994,"Arizona",37.9
"88",1995,"Arizona",32.4
"89",1996,"Arizona",32.4
"90",1997,"Arizona",34.9
"91",1998,"Arizona",36.5
"92",1999,"Arizona",38.1
"93",2000,"Arizona",40.9
"94",2001,"Arizona",40
"95",2002,"Arizona",38.4
"96",2003,"Arizona",38.4
"97",2004,"Arizona",40.2
"98",2005,"Arizona",40.5
"99",2006,"Arizona",40.8
"100",2007,"Arizona",41.4
"101",2008,"Arizona",43.3
"102",2009,"Arizona",39
"103",2010,"Arizona",43.2
"104",2011,"Arizona",43.4
"105",2012,"Arizona",39.7
"106",2013,"Arizona",43
"107",2014,"Arizona",42.3
"108",NA,"Arizona",NA
"109",1980,"Arkansas",3.4
"110",1981,"Arkansas",9.6
"111",1982,"Arkansas",11.8
"112",1983,"Arkansas",16.7
"113",1984,"Arkansas",15.4
"114",1985,"Arkansas",20.7
"115",1986,"Arkansas",21.1
"116",1987,"Arkansas",19.8
"117",1988,"Arkansas",20.6
"118",1989,"Arkansas",19.1
"119",1990,"Arkansas",20
"120",1991,"Arkansas",20.3
"121",1992,"Arkansas",20.8
"122",1993,"Arkansas",18.9
"123",1994,"Arkansas",21
"124",1995,"Arkansas",22.4
"125",1996,"Arkansas",24.5
"126",1997,"Arkansas",23.3
"127",1998,"Arkansas",24.1
"128",1999,"Arkansas",25.2
"129",2000,"Arkansas",25.3
"130",2001,"Arkansas",25.9
"131",2002,"Arkansas",24.1
"132",2003,"Arkansas",23.9
"133",2004,"Arkansas",25.5
"134",2005,"Arkansas",23.3
"135",2006,"Arkansas",24.3
"136",2007,"Arkansas",26
"137",2008,"Arkansas",26.3
"138",2009,"Arkansas",24.9
"139",2010,"Arkansas",27.7
"140",2011,"Arkansas",28.9
"141",2012,"Arkansas",28
"142",2013,"Arkansas",30.9
"143",2014,"Arkansas",32
"144",NA,"Arkansas",NA
"145",1980,"California",6.1
"146",1981,"California",7.2
"147",1982,"California",6.4
"148",1983,"California",3
"149",1984,"California",3.5
"150",1985,"California",4.2
"151",1986,"California",4
"152",1987,"California",4.2
"153",1988,"California",4.8
"154",1989,"California",6.2
"155",1990,"California",8
"156",1991,"California",8.5
"157",1992,"California",8.7
"158",1993,"California",8
"159",1994,"California",8
"160",1995,"California",8
"161",1996,"California",7.6
"162",1997,"California",7.8
"163",1998,"California",6.3
"164",1999,"California",6.6
"165",2000,"California",6.6
"166",2001,"California",6.4
"167",2002,"California",6.6
"168",2003,"California",6.5
"169",2004,"California",6.5
"170",2005,"California",6.4
"171",2006,"California",6.3
"172",2007,"California",6.3
"173",2008,"California",6
"174",2009,"California",4.9
"175",2010,"California",5.2
"176",2011,"California",5.2
"177",2012,"California",4.1
"178",2013,"California",3.6
"179",2014,"California",3.7
"180",NA,"California",NA
"181",1980,"Colorado",23.1
"182",1981,"Colorado",26.1
"183",1982,"Colorado",25.9
"184",1983,"Colorado",23.9
"185",1984,"Colorado",27
"186",1985,"Colorado",28.1
"187",1986,"Colorado",27.8
"188",1987,"Colorado",27.9
"189",1988,"Colorado",29.3
"190",1989,"Colorado",30.4
"191",1990,"Colorado",31.8
"192",1991,"Colorado",31.2
"193",1992,"Colorado",32
"194",1993,"Colorado",32.7
"195",1994,"Colorado",33.9
"196",1995,"Colorado",32.5
"197",1996,"Colorado",33.1
"198",1997,"Colorado",34.2
"199",1998,"Colorado",34.5
"200",1999,"Colorado",34.4
"201",2000,"Colorado",36.6
"202",2001,"Colorado",37.8
"203",2002,"Colorado",36.9
"204",2003,"Colorado",37.2
"205",2004,"Colorado",36.8
"206",2005,"Colorado",36.5
"207",2006,"Colorado",37.2
"208",2007,"Colorado",36.7
"209",2008,"Colorado",36.4
"210",2009,"Colorado",33.1
"211",2010,"Colorado",36.1
"212",2011,"Colorado",34.8
"213",2012,"Colorado",34.9
"214",2013,"Colorado",34.3
"215",2014,"Colorado",33.1
"216",NA,"Colorado",NA
"217",1980,"Connecticut",0
"218",1981,"Connecticut",0.1
"219",1982,"Connecticut",0.1
"220",1983,"Connecticut",0.1
"221",1984,"Connecticut",0.1
"222",1985,"Connecticut",2
"223",1986,"Connecticut",2
"224",1987,"Connecticut",2
"225",1988,"Connecticut",2.2
"226",1989,"Connecticut",2.2
"227",1990,"Connecticut",3.6
"228",1991,"Connecticut",3.6
"229",1992,"Connecticut",3.7
"230",1993,"Connecticut",3.5
"231",1994,"Connecticut",3.6
"232",1995,"Connecticut",3.8
"233",1996,"Connecticut",3.9
"234",1997,"Connecticut",4.2
"235",1998,"Connecticut",3.1
"236",1999,"Connecticut",1.4
"237",2000,"Connecticut",3.4
"238",2001,"Connecticut",3.8
"239",2002,"Connecticut",3.2
"240",2003,"Connecticut",4
"241",2004,"Connecticut",4.2
"242",2005,"Connecticut",4
"243",2006,"Connecticut",4.3
"244",2007,"Connecticut",3.8
"245",2008,"Connecticut",4.3
"246",2009,"Connecticut",2.5
"247",2010,"Connecticut",2.7
"248",2011,"Connecticut",0.6
"249",2012,"Connecticut",0.9
"250",2013,"Connecticut",0.7
"251",2014,"Connecticut",0.9
"252",NA,"Connecticut",NA
"253",1980,"Delaware",2.6
"254",1981,"Delaware",4.7
"255",1982,"Delaware",4.5
"256",1983,"Delaware",6.9
"257",1984,"Delaware",6.8
"258",1985,"Delaware",6.7
"259",1986,"Delaware",6.2
"260",1987,"Delaware",6.6
"261",1988,"Delaware",6.5
"262",1989,"Delaware",5.8
"263",1990,"Delaware",5.6
"264",1991,"Delaware",5.4
"265",1992,"Delaware",4.3
"266",1993,"Delaware",6
"267",1994,"Delaware",5.4
"268",1995,"Delaware",5
"269",1996,"Delaware",4.8
"270",1997,"Delaware",4.6
"271",1998,"Delaware",4.3
"272",1999,"Delaware",3.4
"273",2000,"Delaware",4.7
"274",2001,"Delaware",3.6
"275",2002,"Delaware",3.8
"276",2003,"Delaware",4.4
"277",2004,"Delaware",5.1
"278",2005,"Delaware",5.4
"279",2006,"Delaware",5.3
"280",2007,"Delaware",6
"281",2008,"Delaware",5.8
"282",2009,"Delaware",3.2
"283",2010,"Delaware",2.9
"284",2011,"Delaware",1.7
"285",2012,"Delaware",1.6
"286",2013,"Delaware",1.7
"287",2014,"Delaware",1
"288",NA,"Delaware",NA
"289",1980,"District.of.Columbia",0.3
"290",1981,"District.of.Columbia",0.2
"291",1982,"District.of.Columbia",0.3
"292",1983,"District.of.Columbia",0.3
"293",1984,"District.of.Columbia",0.2
"294",1985,"District.of.Columbia",0.3
"295",1986,"District.of.Columbia",0.1
"296",1987,"District.of.Columbia",0.2
"297",1988,"District.of.Columbia",0.1
"298",1989,"District.of.Columbia",0.1
"299",1990,"District.of.Columbia",0.2
"300",1991,"District.of.Columbia",0.2
"301",1992,"District.of.Columbia",0.1
"302",1993,"District.of.Columbia",0.1
"303",1994,"District.of.Columbia",0.1
"304",1995,"District.of.Columbia",0
"305",1996,"District.of.Columbia",0.1
"306",1997,"District.of.Columbia",0.1
"307",1998,"District.of.Columbia",0
"308",1999,"District.of.Columbia",0
"309",2000,"District.of.Columbia",0
"310",2001,"District.of.Columbia",0.1
"311",2002,"District.of.Columbia",0
"312",2003,"District.of.Columbia",0
"313",2004,"District.of.Columbia",0.1
"314",2005,"District.of.Columbia",0.1
"315",2006,"District.of.Columbia",0
"316",2007,"District.of.Columbia",0
"317",2008,"District.of.Columbia",0
"318",2009,"District.of.Columbia",0
"319",2010,"District.of.Columbia",0
"320",2011,"District.of.Columbia",0
"321",2012,"District.of.Columbia",0
"322",2013,"District.of.Columbia",0
"323",2014,"District.of.Columbia",0
"324",NA,"District.of.Columbia",NA
"325",1980,"Florida",21.1
"326",1981,"Florida",22.2
"327",1982,"Florida",22.6
"328",1983,"Florida",30
"329",1984,"Florida",35.6
"330",1985,"Florida",44.4
"331",1986,"Florida",43.2
"332",1987,"Florida",55.1
"333",1988,"Florida",57.5
"334",1989,"Florida",59.9
"335",1990,"Florida",59.7
"336",1991,"Florida",61.3
"337",1992,"Florida",61.2
"338",1993,"Florida",61.7
"339",1994,"Florida",62.6
"340",1995,"Florida",64.8
"341",1996,"Florida",70.4
"342",1997,"Florida",71
"343",1998,"Florida",70.8
"344",1999,"Florida",67.6
"345",2000,"Florida",71.8
"346",2001,"Florida",68.5
"347",2002,"Florida",67.9
"348",2003,"Florida",68.3
"349",2004,"Florida",66
"350",2005,"Florida",63.5
"351",2006,"Florida",65.8
"352",2007,"Florida",68.1
"353",2008,"Florida",65.5
"354",2009,"Florida",54.9
"355",2010,"Florida",60.2
"356",2011,"Florida",52.2
"357",2012,"Florida",45.6
"358",2013,"Florida",47.7
"359",2014,"Florida",52.7
"360",NA,"Florida",NA
"361",1980,"Georgia",48.9
"362",1981,"Georgia",51.8
"363",1982,"Georgia",50.3
"364",1983,"Georgia",54.9
"365",1984,"Georgia",64
"366",1985,"Georgia",68.2
"367",1986,"Georgia",65.1
"368",1987,"Georgia",66.8
"369",1988,"Georgia",65.8
"370",1989,"Georgia",62.7
"371",1990,"Georgia",67.3
"372",1991,"Georgia",60.6
"373",1992,"Georgia",57.8
"374",1993,"Georgia",61.8
"375",1994,"Georgia",64.7
"376",1995,"Georgia",68.3
"377",1996,"Georgia",68.3
"378",1997,"Georgia",72.5
"379",1998,"Georgia",72.5
"380",1999,"Georgia",73.9
"381",2000,"Georgia",77.4
"382",2001,"Georgia",72.9
"383",2002,"Georgia",76.2
"384",2003,"Georgia",77.3
"385",2004,"Georgia",78.8
"386",2005,"Georgia",85.1
"387",2006,"Georgia",84.3
"388",2007,"Georgia",88.3
"389",2008,"Georgia",83.7
"390",2009,"Georgia",68.3
"391",2010,"Georgia",72.5
"392",2011,"Georgia",59.9
"393",2012,"Georgia",41.1
"394",2013,"Georgia",40.2
"395",2014,"Georgia",45.6
"396",NA,"Georgia",NA
"397",1980,"Hawaii",0
"398",1981,"Hawaii",0
"399",1982,"Hawaii",0.1
"400",1983,"Hawaii",0.1
"401",1984,"Hawaii",0.1
"402",1985,"Hawaii",0.1
"403",1986,"Hawaii",0
"404",1987,"Hawaii",0.1
"405",1988,"Hawaii",0.1
"406",1989,"Hawaii",0.1
"407",1990,"Hawaii",0.1
"408",1991,"Hawaii",0.1
"409",1992,"Hawaii",0.6
"410",1993,"Hawaii",1.5
"411",1994,"Hawaii",1.5
"412",1995,"Hawaii",1.9
"413",1996,"Hawaii",1.9
"414",1997,"Hawaii",1.9
"415",1998,"Hawaii",1.7
"416",1999,"Hawaii",1.7
"417",2000,"Hawaii",1.7
"418",2001,"Hawaii",1.7
"419",2002,"Hawaii",1.6
"420",2003,"Hawaii",1.7
"421",2004,"Hawaii",1.7
"422",2005,"Hawaii",1.6
"423",2006,"Hawaii",1.5
"424",2007,"Hawaii",1.6
"425",2008,"Hawaii",1.7
"426",2009,"Hawaii",1.6
"427",2010,"Hawaii",1.6
"428",2011,"Hawaii",1.5
"429",2012,"Hawaii",1.6
"430",2013,"Hawaii",1.4
"431",2014,"Hawaii",1.6
"432",NA,"Hawaii",NA
"433",1980,"Idaho",0.9
"434",1981,"Idaho",0.9
"435",1982,"Idaho",1
"436",1983,"Idaho",0.9
"437",1984,"Idaho",0.8
"438",1985,"Idaho",0.8
"439",1986,"Idaho",0.8
"440",1987,"Idaho",0.8
"441",1988,"Idaho",0.9
"442",1989,"Idaho",0.9
"443",1990,"Idaho",1
"444",1991,"Idaho",1.2
"445",1992,"Idaho",0.9
"446",1993,"Idaho",0.9
"447",1994,"Idaho",0.9
"448",1995,"Idaho",0.8
"449",1996,"Idaho",0.7
"450",1997,"Idaho",0.6
"451",1998,"Idaho",0.8
"452",1999,"Idaho",0.8
"453",2000,"Idaho",1.3
"454",2001,"Idaho",1.1
"455",2002,"Idaho",1
"456",2003,"Idaho",1
"457",2004,"Idaho",1.2
"458",2005,"Idaho",1.1
"459",2006,"Idaho",0.8
"460",2007,"Idaho",1
"461",2008,"Idaho",0.8
"462",2009,"Idaho",0.8
"463",2010,"Idaho",0.8
"464",2011,"Idaho",0.7
"465",2012,"Idaho",0.5
"466",2013,"Idaho",0.7
"467",2014,"Idaho",0.7
"468",NA,"Idaho",NA
"469",1980,"Illinois",79
"470",1981,"Illinois",74.6
"471",1982,"Illinois",73
"472",1983,"Illinois",79.5
"473",1984,"Illinois",78.1
"474",1985,"Illinois",76.1
"475",1986,"Illinois",75.4
"476",1987,"Illinois",73.5
"477",1988,"Illinois",70
"478",1989,"Illinois",67.7
"479",1990,"Illinois",70.5
"480",1991,"Illinois",71.4
"481",1992,"Illinois",65.7
"482",1993,"Illinois",76.5
"483",1994,"Illinois",77.8
"484",1995,"Illinois",77.9
"485",1996,"Illinois",86.7
"486",1997,"Illinois",91.9
"487",1998,"Illinois",89.5
"488",1999,"Illinois",90.4
"489",2000,"Illinois",95.9
"490",2001,"Illinois",92.8
"491",2002,"Illinois",93.1
"492",2003,"Illinois",95.3
"493",2004,"Illinois",100.9
"494",2005,"Illinois",98.9
"495",2006,"Illinois",98.7
"496",2007,"Illinois",103
"497",2008,"Illinois",104.2
"498",2009,"Illinois",95.8
"499",2010,"Illinois",100.9
"500",2011,"Illinois",99.2
"501",2012,"Illinois",91.4
"502",2013,"Illinois",96.8
"503",2014,"Illinois",96
"504",NA,"Illinois",NA
"505",1980,"Indiana",107.5
"506",1981,"Indiana",107
"507",1982,"Indiana",93.9
"508",1983,"Indiana",103.1
"509",1984,"Indiana",112.9
"510",1985,"Indiana",111.6
"511",1986,"Indiana",105.8
"512",1987,"Indiana",109.2
"513",1988,"Indiana",118.7
"514",1989,"Indiana",121.2
"515",1990,"Indiana",128.1
"516",1991,"Indiana",126.1
"517",1992,"Indiana",121.3
"518",1993,"Indiana",124.1
"519",1994,"Indiana",122.1
"520",1995,"Indiana",126.6
"521",1996,"Indiana",129.4
"522",1997,"Indiana",134.1
"523",1998,"Indiana",136.4
"524",1999,"Indiana",139.2
"525",2000,"Indiana",150.2
"526",2001,"Indiana",147.6
"527",2002,"Indiana",145.5
"528",2003,"Indiana",147.6
"529",2004,"Indiana",151.7
"530",2005,"Indiana",150.2
"531",2006,"Indiana",149.6
"532",2007,"Indiana",148.2
"533",2008,"Indiana",146.9
"534",2009,"Indiana",128.6
"535",2010,"Indiana",136.5
"536",2011,"Indiana",125.5
"537",2012,"Indiana",112.3
"538",2013,"Indiana",112.8
"539",2014,"Indiana",115
"540",NA,"Indiana",NA
"541",1980,"Iowa",22
"542",1981,"Iowa",23.6
"543",1982,"Iowa",22.9
"544",1983,"Iowa",23.8
"545",1984,"Iowa",23.6
"546",1985,"Iowa",25.3
"547",1986,"Iowa",24.6
"548",1987,"Iowa",27
"549",1988,"Iowa",28.8
"550",1989,"Iowa",29.9
"551",1990,"Iowa",31.6
"552",1991,"Iowa",32.9
"553",1992,"Iowa",31.1
"554",1993,"Iowa",32.4
"555",1994,"Iowa",32.9
"556",1995,"Iowa",35.2
"557",1996,"Iowa",36.2
"558",1997,"Iowa",37
"559",1998,"Iowa",40.1
"560",1999,"Iowa",40.8
"561",2000,"Iowa",42.1
"562",2001,"Iowa",41.9
"563",2002,"Iowa",41.7
"564",2003,"Iowa",41.9
"565",2004,"Iowa",41.8
"566",2005,"Iowa",40.6
"567",2006,"Iowa",41.1
"568",2007,"Iowa",43.9
"569",2008,"Iowa",45.8
"570",2009,"Iowa",42
"571",2010,"Iowa",46.6
"572",2011,"Iowa",43.7
"573",2012,"Iowa",39.9
"574",2013,"Iowa",38
"575",2014,"Iowa",37.9
"576",NA,"Iowa",NA
"577",1980,"Kansas",18
"578",1981,"Kansas",20
"579",1982,"Kansas",20
"580",1983,"Kansas",21.7
"581",1984,"Kansas",25.8
"582",1985,"Kansas",24.4
"583",1986,"Kansas",23.7
"584",1987,"Kansas",25.1
"585",1988,"Kansas",25.3
"586",1989,"Kansas",25.2
"587",1990,"Kansas",25.6
"588",1991,"Kansas",25.3
"589",1992,"Kansas",23.9
"590",1993,"Kansas",28.5
"591",1994,"Kansas",28.4
"592",1995,"Kansas",27.3
"593",1996,"Kansas",31.9
"594",1997,"Kansas",29.4
"595",1998,"Kansas",29.2
"596",1999,"Kansas",31.1
"597",2000,"Kansas",34.3
"598",2001,"Kansas",33.5
"599",2002,"Kansas",37
"600",2003,"Kansas",36.8
"601",2004,"Kansas",36.4
"602",2005,"Kansas",35.9
"603",2006,"Kansas",34.4
"604",2007,"Kansas",37.4
"605",2008,"Kansas",35.1
"606",2009,"Kansas",33.6
"607",2010,"Kansas",34
"608",2011,"Kansas",32.7
"609",2012,"Kansas",29
"610",2013,"Kansas",30.9
"611",2014,"Kansas",29.9
"612",NA,"Kansas",NA
"613",1980,"Kentucky",60.1
"614",1981,"Kentucky",62.2
"615",1982,"Kentucky",58.8
"616",1983,"Kentucky",59.8
"617",1984,"Kentucky",62.9
"618",1985,"Kentucky",67.3
"619",1986,"Kentucky",70.4
"620",1987,"Kentucky",70.1
"621",1988,"Kentucky",77.3
"622",1989,"Kentucky",72.2
"623",1990,"Kentucky",75.7
"624",1991,"Kentucky",75.7
"625",1992,"Kentucky",76.6
"626",1993,"Kentucky",86.8
"627",1994,"Kentucky",84.5
"628",1995,"Kentucky",87.7
"629",1996,"Kentucky",89.8
"630",1997,"Kentucky",92.3
"631",1998,"Kentucky",90.5
"632",1999,"Kentucky",93.2
"633",2000,"Kentucky",94.1
"634",2001,"Kentucky",95.6
"635",2002,"Kentucky",89.7
"636",2003,"Kentucky",89
"637",2004,"Kentucky",90.7
"638",2005,"Kentucky",93.1
"639",2006,"Kentucky",96.6
"640",2007,"Kentucky",96.3
"641",2008,"Kentucky",96.7
"642",2009,"Kentucky",88.4
"643",2010,"Kentucky",95.3
"644",2011,"Kentucky",95.4
"645",2012,"Kentucky",85.9
"646",2013,"Kentucky",86.4
"647",2014,"Kentucky",86.3
"648",NA,"Kentucky",NA
"649",1980,"Louisiana",0.2
"650",1981,"Louisiana",2.2
"651",1982,"Louisiana",6
"652",1983,"Louisiana",10
"653",1984,"Louisiana",11.2
"654",1985,"Louisiana",15
"655",1986,"Louisiana",16.2
"656",1987,"Louisiana",16.2
"657",1988,"Louisiana",20
"658",1989,"Louisiana",19.5
"659",1990,"Louisiana",19.7
"660",1991,"Louisiana",20.2
"661",1992,"Louisiana",21.1
"662",1993,"Louisiana",21.1
"663",1994,"Louisiana",21.8
"664",1995,"Louisiana",20.5
"665",1996,"Louisiana",19.4
"666",1997,"Louisiana",21.3
"667",1998,"Louisiana",21.3
"668",1999,"Louisiana",21.5
"669",2000,"Louisiana",23.9
"670",2001,"Louisiana",22.7
"671",2002,"Louisiana",21.9
"672",2003,"Louisiana",23.4
"673",2004,"Louisiana",24.2
"674",2005,"Louisiana",23.9
"675",2006,"Louisiana",25
"676",2007,"Louisiana",23.6
"677",2008,"Louisiana",24.8
"678",2009,"Louisiana",23.8
"679",2010,"Louisiana",24.5
"680",2011,"Louisiana",25.5
"681",2012,"Louisiana",22.6
"682",2013,"Louisiana",21.5
"683",2014,"Louisiana",19.8
"684",NA,"Louisiana",NA
"685",1980,"Maine",0.3
"686",1981,"Maine",0.3
"687",1982,"Maine",0.6
"688",1983,"Maine",0.6
"689",1984,"Maine",0.5
"690",1985,"Maine",0.5
"691",1986,"Maine",0.9
"692",1987,"Maine",0.6
"693",1988,"Maine",0.6
"694",1989,"Maine",0.6
"695",1990,"Maine",1
"696",1991,"Maine",1.5
"697",1992,"Maine",2.6
"698",1993,"Maine",1.6
"699",1994,"Maine",1.7
"700",1995,"Maine",1
"701",1996,"Maine",0.9
"702",1997,"Maine",0.8
"703",1998,"Maine",0.7
"704",1999,"Maine",0.6
"705",2000,"Maine",0.9
"706",2001,"Maine",0.7
"707",2002,"Maine",0.8
"708",2003,"Maine",0.7
"709",2004,"Maine",0.7
"710",2005,"Maine",0.7
"711",2006,"Maine",0.6
"712",2007,"Maine",0.6
"713",2008,"Maine",0.6
"714",2009,"Maine",0.2
"715",2010,"Maine",0.2
"716",2011,"Maine",0.1
"717",2012,"Maine",0.1
"718",2013,"Maine",0.2
"719",2014,"Maine",0.2
"720",NA,"Maine",NA
"721",1980,"Maryland",21.9
"722",1981,"Maryland",19.6
"723",1982,"Maryland",20.2
"724",1983,"Maryland",21.7
"725",1984,"Maryland",25.2
"726",1985,"Maryland",24
"727",1986,"Maryland",25.8
"728",1987,"Maryland",27.1
"729",1988,"Maryland",28.3
"730",1989,"Maryland",27.8
"731",1990,"Maryland",27
"732",1991,"Maryland",25.9
"733",1992,"Maryland",23.3
"734",1993,"Maryland",24.7
"735",1994,"Maryland",25.4
"736",1995,"Maryland",27.3
"737",1996,"Maryland",27.6
"738",1997,"Maryland",27.4
"739",1998,"Maryland",28.7
"740",1999,"Maryland",28.8
"741",2000,"Maryland",29.5
"742",2001,"Maryland",30.1
"743",2002,"Maryland",30.7
"744",2003,"Maryland",31.1
"745",2004,"Maryland",30.9
"746",2005,"Maryland",31.1
"747",2006,"Maryland",30.7
"748",2007,"Maryland",31
"749",2008,"Maryland",29.2
"750",2009,"Maryland",25.2
"751",2010,"Maryland",25.1
"752",2011,"Maryland",22.8
"753",2012,"Maryland",18.2
"754",2013,"Maryland",17.3
"755",2014,"Maryland",19
"756",NA,"Maryland",NA
"757",1980,"Massachusetts",2.1
"758",1981,"Massachusetts",2.5
"759",1982,"Massachusetts",8.4
"760",1983,"Massachusetts",9.1
"761",1984,"Massachusetts",10.9
"762",1985,"Massachusetts",10.4
"763",1986,"Massachusetts",9.4
"764",1987,"Massachusetts",11.1
"765",1988,"Massachusetts",11
"766",1989,"Massachusetts",11.5
"767",1990,"Massachusetts",10.7
"768",1991,"Massachusetts",11.1
"769",1992,"Massachusetts",10.6
"770",1993,"Massachusetts",9.4
"771",1994,"Massachusetts",9.6
"772",1995,"Massachusetts",9.9
"773",1996,"Massachusetts",10.7
"774",1997,"Massachusetts",11.6
"775",1998,"Massachusetts",10.4
"776",1999,"Massachusetts",10.7
"777",2000,"Massachusetts",10.8
"778",2001,"Massachusetts",10.3
"779",2002,"Massachusetts",11.2
"780",2003,"Massachusetts",10.3
"781",2004,"Massachusetts",9.9
"782",2005,"Massachusetts",11.3
"783",2006,"Massachusetts",10.6
"784",2007,"Massachusetts",11.3
"785",2008,"Massachusetts",10.1
"786",2009,"Massachusetts",8.7
"787",2010,"Massachusetts",7.9
"788",2011,"Massachusetts",4.1
"789",2012,"Massachusetts",2.3
"790",2013,"Massachusetts",4
"791",2014,"Massachusetts",2.8
"792",NA,"Massachusetts",NA
"793",1980,"Michigan",70.8
"794",1981,"Michigan",70.7
"795",1982,"Michigan",66.5
"796",1983,"Michigan",66.1
"797",1984,"Michigan",70
"798",1985,"Michigan",73.3
"799",1986,"Michigan",76.1
"800",1987,"Michigan",78.9
"801",1988,"Michigan",78.1
"802",1989,"Michigan",74.3
"803",1990,"Michigan",74.2
"804",1991,"Michigan",72
"805",1992,"Michigan",66.7
"806",1993,"Michigan",67.5
"807",1994,"Michigan",75.5
"808",1995,"Michigan",74.2
"809",1996,"Michigan",75.1
"810",1997,"Michigan",73.7
"811",1998,"Michigan",78
"812",1999,"Michigan",78.5
"813",2000,"Michigan",75.4
"814",2001,"Michigan",74.5
"815",2002,"Michigan",69.8
"816",2003,"Michigan",70.5
"817",2004,"Michigan",73
"818",2005,"Michigan",75.4
"819",2006,"Michigan",73
"820",2007,"Michigan",75.6
"821",2008,"Michigan",75.5
"822",2009,"Michigan",69.4
"823",2010,"Michigan",70.7
"824",2011,"Michigan",65.2
"825",2012,"Michigan",58.6
"826",2013,"Michigan",62.1
"827",2014,"Michigan",58.3
"828",NA,"Michigan",NA
"829",1980,"Minnesota",22.7
"830",1981,"Minnesota",22.9
"831",1982,"Minnesota",20
"832",1983,"Minnesota",19.8
"833",1984,"Minnesota",21.7
"834",1985,"Minnesota",21.2
"835",1986,"Minnesota",18.9
"836",1987,"Minnesota",24.1
"837",1988,"Minnesota",28.6
"838",1989,"Minnesota",30.6
"839",1990,"Minnesota",30.7
"840",1991,"Minnesota",28.4
"841",1992,"Minnesota",28.3
"842",1993,"Minnesota",30.7
"843",1994,"Minnesota",31.4
"844",1995,"Minnesota",31.9
"845",1996,"Minnesota",33.5
"846",1997,"Minnesota",32.3
"847",1998,"Minnesota",33.7
"848",1999,"Minnesota",32.3
"849",2000,"Minnesota",35.3
"850",2001,"Minnesota",33.4
"851",2002,"Minnesota",34.1
"852",2003,"Minnesota",36.9
"853",2004,"Minnesota",35.8
"854",2005,"Minnesota",35.8
"855",2006,"Minnesota",35
"856",2007,"Minnesota",34.6
"857",2008,"Minnesota",33.9
"858",2009,"Minnesota",31
"859",2010,"Minnesota",29.8
"860",2011,"Minnesota",29.8
"861",2012,"Minnesota",24.3
"862",2013,"Minnesota",25.3
"863",2014,"Minnesota",29.6
"864",NA,"Minnesota",NA
"865",1980,"Mississippi",7
"866",1981,"Mississippi",7.8
"867",1982,"Mississippi",9.4
"868",1983,"Mississippi",9
"869",1984,"Mississippi",9.8
"870",1985,"Mississippi",10.3
"871",1986,"Mississippi",10.2
"872",1987,"Mississippi",11.5
"873",1988,"Mississippi",12.2
"874",1989,"Mississippi",9
"875",1990,"Mississippi",9.8
"876",1991,"Mississippi",9
"877",1992,"Mississippi",8.2
"878",1993,"Mississippi",9.4
"879",1994,"Mississippi",9.2
"880",1995,"Mississippi",9.8
"881",1996,"Mississippi",12.1
"882",1997,"Mississippi",12.5
"883",1998,"Mississippi",11.9
"884",1999,"Mississippi",13
"885",2000,"Mississippi",13.9
"886",2001,"Mississippi",18.7
"887",2002,"Mississippi",14.6
"888",2003,"Mississippi",16.9
"889",2004,"Mississippi",17.5
"890",2005,"Mississippi",16.6
"891",2006,"Mississippi",17.9
"892",2007,"Mississippi",17.5
"893",2008,"Mississippi",16.7
"894",2009,"Mississippi",13.4
"895",2010,"Mississippi",14
"896",2011,"Mississippi",10.2
"897",2012,"Mississippi",7.8
"898",2013,"Mississippi",9.2
"899",2014,"Mississippi",11
"900",NA,"Mississippi",NA
"901",1980,"Missouri",49.8
"902",1981,"Missouri",50.3
"903",1982,"Missouri",49.2
"904",1983,"Missouri",53
"905",1984,"Missouri",55.7
"906",1985,"Missouri",49.8
"907",1986,"Missouri",48.1
"908",1987,"Missouri",49.6
"909",1988,"Missouri",51.5
"910",1989,"Missouri",51.8
"911",1990,"Missouri",50.8
"912",1991,"Missouri",50.3
"913",1992,"Missouri",49.2
"914",1993,"Missouri",44.1
"915",1994,"Missouri",50.9
"916",1995,"Missouri",56
"917",1996,"Missouri",59.6
"918",1997,"Missouri",63.3
"919",1998,"Missouri",65.7
"920",1999,"Missouri",64.9
"921",2000,"Missouri",65.1
"922",2001,"Missouri",67.6
"923",2002,"Missouri",68.5
"924",2003,"Missouri",75.1
"925",2004,"Missouri",76.2
"926",2005,"Missouri",78.9
"927",2006,"Missouri",78.3
"928",2007,"Missouri",75.8
"929",2008,"Missouri",74.9
"930",2009,"Missouri",72.3
"931",2010,"Missouri",75.7
"932",2011,"Missouri",78
"933",2012,"Missouri",72.5
"934",2013,"Missouri",76.2
"935",2014,"Missouri",73.7
"936",NA,"Missouri",NA
"937",1980,"Montana",5.6
"938",1981,"Montana",5.9
"939",1982,"Montana",4.6
"940",1983,"Montana",4
"941",1984,"Montana",8.5
"942",1985,"Montana",9.3
"943",1986,"Montana",12.5
"944",1987,"Montana",12.5
"945",1988,"Montana",17.1
"946",1989,"Montana",16.9
"947",1990,"Montana",15.9
"948",1991,"Montana",17.4
"949",1992,"Montana",18.3
"950",1993,"Montana",15.3
"951",1994,"Montana",18.3
"952",1995,"Montana",16.5
"953",1996,"Montana",13.1
"954",1997,"Montana",15.4
"955",1998,"Montana",17.6
"956",1999,"Montana",17.6
"957",2000,"Montana",16.7
"958",2001,"Montana",17.4
"959",2002,"Montana",15.7
"960",2003,"Montana",17.8
"961",2004,"Montana",18.5
"962",2005,"Montana",18.8
"963",2006,"Montana",18.3
"964",2007,"Montana",19.1
"965",2008,"Montana",19.2
"966",2009,"Montana",16.3
"967",2010,"Montana",19.2
"968",2011,"Montana",15.6
"969",2012,"Montana",14.9
"970",2013,"Montana",15.7
"971",2014,"Montana",16.6
"972",NA,"Montana",NA
"973",1980,"Nebraska",8.8
"974",1981,"Nebraska",9.2
"975",1982,"Nebraska",9.1
"976",1983,"Nebraska",9.8
"977",1984,"Nebraska",11.7
"978",1985,"Nebraska",10.9
"979",1986,"Nebraska",10.3
"980",1987,"Nebraska",10.9
"981",1988,"Nebraska",13.1
"982",1989,"Nebraska",12.3
"983",1990,"Nebraska",13.4
"984",1991,"Nebraska",14.3
"985",1992,"Nebraska",13.3
"986",1993,"Nebraska",15.7
"987",1994,"Nebraska",15.1
"988",1995,"Nebraska",16.9
"989",1996,"Nebraska",16.9
"990",1997,"Nebraska",18.3
"991",1998,"Nebraska",19.3
"992",1999,"Nebraska",18.7
"993",2000,"Nebraska",19.5
"994",2001,"Nebraska",21.4
"995",2002,"Nebraska",20.6
"996",2003,"Nebraska",21.5
"997",2004,"Nebraska",21.1
"998",2005,"Nebraska",21.6
"999",2006,"Nebraska",21.5
"1000",2007,"Nebraska",20.5
"1001",2008,"Nebraska",22.2
"1002",2009,"Nebraska",23.6
"1003",2010,"Nebraska",24
"1004",2011,"Nebraska",26.9
"1005",2012,"Nebraska",25.7
"1006",2013,"Nebraska",27.7
"1007",2014,"Nebraska",26.1
"1008",NA,"Nebraska",NA
"1009",1980,"Nevada",8.7
"1010",1981,"Nevada",10.5
"1011",1982,"Nevada",13.8
"1012",1983,"Nevada",13.2
"1013",1984,"Nevada",14.6
"1014",1985,"Nevada",11.9
"1015",1986,"Nevada",15.2
"1016",1987,"Nevada",14.6
"1017",1988,"Nevada",17.3
"1018",1989,"Nevada",16
"1019",1990,"Nevada",15.6
"1020",1991,"Nevada",17
"1021",1992,"Nevada",16.9
"1022",1993,"Nevada",16.2
"1023",1994,"Nevada",17
"1024",1995,"Nevada",15.3
"1025",1996,"Nevada",16
"1026",1997,"Nevada",15.7
"1027",1998,"Nevada",17.4
"1028",1999,"Nevada",17.2
"1029",2000,"Nevada",18.8
"1030",2001,"Nevada",17.8
"1031",2002,"Nevada",15.6
"1032",2003,"Nevada",17.2
"1033",2004,"Nevada",18.3
"1034",2005,"Nevada",18.7
"1035",2006,"Nevada",8
"1036",2007,"Nevada",7.8
"1037",2008,"Nevada",8.4
"1038",2009,"Nevada",7.9
"1039",2010,"Nevada",7.6
"1040",2011,"Nevada",5.9
"1041",2012,"Nevada",5
"1042",2013,"Nevada",6.1
"1043",2014,"Nevada",7.5
"1044",NA,"Nevada",NA
"1045",1980,"New.Hampshire",2.7
"1046",1981,"New.Hampshire",2.3
"1047",1982,"New.Hampshire",2.6
"1048",1983,"New.Hampshire",2.8
"1049",1984,"New.Hampshire",3.2
"1050",1985,"New.Hampshire",3.7
"1051",1986,"New.Hampshire",2.4
"1052",1987,"New.Hampshire",3
"1053",1988,"New.Hampshire",3.1
"1054",1989,"New.Hampshire",3
"1055",1990,"New.Hampshire",3
"1056",1991,"New.Hampshire",3.3
"1057",1992,"New.Hampshire",3.3
"1058",1993,"New.Hampshire",3.5
"1059",1994,"New.Hampshire",3.2
"1060",1995,"New.Hampshire",3.4
"1061",1996,"New.Hampshire",3.4
"1062",1997,"New.Hampshire",4.2
"1063",1998,"New.Hampshire",3.6
"1064",1999,"New.Hampshire",3.3
"1065",2000,"New.Hampshire",4.2
"1066",2001,"New.Hampshire",3.8
"1067",2002,"New.Hampshire",3.8
"1068",2003,"New.Hampshire",3.9
"1069",2004,"New.Hampshire",4.1
"1070",2005,"New.Hampshire",4.2
"1071",2006,"New.Hampshire",4.2
"1072",2007,"New.Hampshire",4.2
"1073",2008,"New.Hampshire",3.8
"1074",2009,"New.Hampshire",3.1
"1075",2010,"New.Hampshire",3.2
"1076",2011,"New.Hampshire",2.3
"1077",2012,"New.Hampshire",1.3
"1078",2013,"New.Hampshire",1.6
"1079",2014,"New.Hampshire",1.4
"1080",NA,"New.Hampshire",NA
"1081",1980,"New.Jersey",6.4
"1082",1981,"New.Jersey",7.1
"1083",1982,"New.Jersey",7.4
"1084",1983,"New.Jersey",8.6
"1085",1984,"New.Jersey",7.9
"1086",1985,"New.Jersey",9.7
"1087",1986,"New.Jersey",7.3
"1088",1987,"New.Jersey",8.5
"1089",1988,"New.Jersey",7.6
"1090",1989,"New.Jersey",8.9
"1091",1990,"New.Jersey",7.6
"1092",1991,"New.Jersey",5.8
"1093",1992,"New.Jersey",5.9
"1094",1993,"New.Jersey",6
"1095",1994,"New.Jersey",6.1
"1096",1995,"New.Jersey",7.5
"1097",1996,"New.Jersey",8.2
"1098",1997,"New.Jersey",9.4
"1099",1998,"New.Jersey",8.1
"1100",1999,"New.Jersey",8.4
"1101",2000,"New.Jersey",10.8
"1102",2001,"New.Jersey",10.6
"1103",2002,"New.Jersey",9.9
"1104",2003,"New.Jersey",10.1
"1105",2004,"New.Jersey",10.6
"1106",2005,"New.Jersey",11.8
"1107",2006,"New.Jersey",11
"1108",2007,"New.Jersey",10.6
"1109",2008,"New.Jersey",9.2
"1110",2009,"New.Jersey",5.6
"1111",2010,"New.Jersey",6.8
"1112",2011,"New.Jersey",4.7
"1113",2012,"New.Jersey",2.4
"1114",2013,"New.Jersey",2.4
"1115",2014,"New.Jersey",2.9
"1116",NA,"New.Jersey",NA
"1117",1980,"New.Mexico",19
"1118",1981,"New.Mexico",18.5
"1119",1982,"New.Mexico",21.2
"1120",1983,"New.Mexico",24.8
"1121",1984,"New.Mexico",23.8
"1122",1985,"New.Mexico",25.2
"1123",1986,"New.Mexico",22.7
"1124",1987,"New.Mexico",24.5
"1125",1988,"New.Mexico",25
"1126",1989,"New.Mexico",26.3
"1127",1990,"New.Mexico",26
"1128",1991,"New.Mexico",22.1
"1129",1992,"New.Mexico",25.2
"1130",1993,"New.Mexico",25.5
"1131",1994,"New.Mexico",26.3
"1132",1995,"New.Mexico",26
"1133",1996,"New.Mexico",26.3
"1134",1997,"New.Mexico",27.2
"1135",1998,"New.Mexico",27.4
"1136",1999,"New.Mexico",28.2
"1137",2000,"New.Mexico",28.9
"1138",2001,"New.Mexico",28.1
"1139",2002,"New.Mexico",26.8
"1140",2003,"New.Mexico",28.9
"1141",2004,"New.Mexico",29.2
"1142",2005,"New.Mexico",30
"1143",2006,"New.Mexico",29.9
"1144",2007,"New.Mexico",28
"1145",2008,"New.Mexico",26.9
"1146",2009,"New.Mexico",28.9
"1147",2010,"New.Mexico",25.3
"1148",2011,"New.Mexico",26.9
"1149",2012,"New.Mexico",24.9
"1150",2013,"New.Mexico",24.2
"1151",2014,"New.Mexico",20.3
"1152",NA,"New.Mexico",NA
"1153",1980,"New.York",29.2
"1154",1981,"New.York",28.7
"1155",1982,"New.York",27
"1156",1983,"New.York",25.1
"1157",1984,"New.York",28
"1158",1985,"New.York",28.2
"1159",1986,"New.York",23.7
"1160",1987,"New.York",27.6
"1161",1988,"New.York",31.2
"1162",1989,"New.York",34.1
"1163",1990,"New.York",32.9
"1164",1991,"New.York",33.2
"1165",1992,"New.York",33.5
"1166",1993,"New.York",30.7
"1167",1994,"New.York",29.8
"1168",1995,"New.York",28.8
"1169",1996,"New.York",29.4
"1170",1997,"New.York",30.6
"1171",1998,"New.York",31.8
"1172",1999,"New.York",30
"1173",2000,"New.York",31.2
"1174",2001,"New.York",28.9
"1175",2002,"New.York",26.4
"1176",2003,"New.York",27
"1177",2004,"New.York",26.1
"1178",2005,"New.York",24.2
"1179",2006,"New.York",24.2
"1180",2007,"New.York",24.4
"1181",2008,"New.York",21.6
"1182",2009,"New.York",14.7
"1183",2010,"New.York",15.8
"1184",2011,"New.York",11.8
"1185",2012,"New.York",6.9
"1186",2013,"New.York",6.5
"1187",2014,"New.York",6.1
"1188",NA,"New.York",NA
"1189",1980,"North.Carolina",58.6
"1190",1981,"North.Carolina",61.5
"1191",1982,"North.Carolina",58.4
"1192",1983,"North.Carolina",55.9
"1193",1984,"North.Carolina",52.5
"1194",1985,"North.Carolina",51.7
"1195",1986,"North.Carolina",54.8
"1196",1987,"North.Carolina",47.1
"1197",1988,"North.Carolina",48.5
"1198",1989,"North.Carolina",55.6
"1199",1990,"North.Carolina",53.6
"1200",1991,"North.Carolina",53.5
"1201",1992,"North.Carolina",61.2
"1202",1993,"North.Carolina",65
"1203",1994,"North.Carolina",59.7
"1204",1995,"North.Carolina",62.6
"1205",1996,"North.Carolina",70.3
"1206",1997,"North.Carolina",72.3
"1207",1998,"North.Carolina",71.2
"1208",1999,"North.Carolina",70.1
"1209",2000,"North.Carolina",74.2
"1210",2001,"North.Carolina",71.4
"1211",2002,"North.Carolina",72.8
"1212",2003,"North.Carolina",72.8
"1213",2004,"North.Carolina",73.9
"1214",2005,"North.Carolina",76.7
"1215",2006,"North.Carolina",73.5
"1216",2007,"North.Carolina",78.2
"1217",2008,"North.Carolina",75.1
"1218",2009,"North.Carolina",64.1
"1219",2010,"North.Carolina",70.7
"1220",2011,"North.Carolina",59
"1221",2012,"North.Carolina",50.5
"1222",2013,"North.Carolina",46.6
"1223",2014,"North.Carolina",47.4
"1224",NA,"North.Carolina",NA
"1225",1980,"North.Dakota",15.3
"1226",1981,"North.Dakota",16.2
"1227",1982,"North.Dakota",18.7
"1228",1983,"North.Dakota",20.1
"1229",1984,"North.Dakota",24.1
"1230",1985,"North.Dakota",28.4
"1231",1986,"North.Dakota",29.2
"1232",1987,"North.Dakota",30
"1233",1988,"North.Dakota",34.8
"1234",1989,"North.Dakota",34.2
"1235",1990,"North.Dakota",35.3
"1236",1991,"North.Dakota",35.8
"1237",1992,"North.Dakota",37.7
"1238",1993,"North.Dakota",37.7
"1239",1994,"North.Dakota",38
"1240",1995,"North.Dakota",37.8
"1241",1996,"North.Dakota",38.1
"1242",1997,"North.Dakota",36.4
"1243",1998,"North.Dakota",38.7
"1244",1999,"North.Dakota",38.9
"1245",2000,"North.Dakota",40.1
"1246",2001,"North.Dakota",39.6
"1247",2002,"North.Dakota",39.9
"1248",2003,"North.Dakota",39.7
"1249",2004,"North.Dakota",37.6
"1250",2005,"North.Dakota",40.7
"1251",2006,"North.Dakota",39.2
"1252",2007,"North.Dakota",39.8
"1253",2008,"North.Dakota",40.1
"1254",2009,"North.Dakota",39.9
"1255",2010,"North.Dakota",38.6
"1256",2011,"North.Dakota",37.2
"1257",2012,"North.Dakota",38.3
"1258",2013,"North.Dakota",37.1
"1259",2014,"North.Dakota",37.7
"1260",NA,"North.Dakota",NA
"1261",1980,"Ohio",142.4
"1262",1981,"Ohio",143.2
"1263",1982,"Ohio",130.2
"1264",1983,"Ohio",123.7
"1265",1984,"Ohio",127.5
"1266",1985,"Ohio",130.3
"1267",1986,"Ohio",134.3
"1268",1987,"Ohio",134.4
"1269",1988,"Ohio",138.5
"1270",1989,"Ohio",138
"1271",1990,"Ohio",134.2
"1272",1991,"Ohio",133.2
"1273",1992,"Ohio",133.3
"1274",1993,"Ohio",134.8
"1275",1994,"Ohio",130.6
"1276",1995,"Ohio",130.1
"1277",1996,"Ohio",136.5
"1278",1997,"Ohio",132.8
"1279",1998,"Ohio",136.9
"1280",1999,"Ohio",130.5
"1281",2000,"Ohio",134.8
"1282",2001,"Ohio",128.6
"1283",2002,"Ohio",131.8
"1284",2003,"Ohio",136.2
"1285",2004,"Ohio",131.2
"1286",2005,"Ohio",139.8
"1287",2006,"Ohio",136.9
"1288",2007,"Ohio",138.1
"1289",2008,"Ohio",135.7
"1290",2009,"Ohio",119.5
"1291",2010,"Ohio",127.8
"1292",2011,"Ohio",115.3
"1293",2012,"Ohio",96
"1294",2013,"Ohio",104
"1295",2014,"Ohio",99.6
"1296",NA,"Ohio",NA
"1297",1980,"Oklahoma",10
"1298",1981,"Oklahoma",14.8
"1299",1982,"Oklahoma",19.1
"1300",1983,"Oklahoma",20.6
"1301",1984,"Oklahoma",21.7
"1302",1985,"Oklahoma",22.3
"1303",1986,"Oklahoma",20.5
"1304",1987,"Oklahoma",22.6
"1305",1988,"Oklahoma",25.4
"1306",1989,"Oklahoma",25.4
"1307",1990,"Oklahoma",26.3
"1308",1991,"Oklahoma",29.5
"1309",1992,"Oklahoma",30.9
"1310",1993,"Oklahoma",33.5
"1311",1994,"Oklahoma",31.4
"1312",1995,"Oklahoma",34.9
"1313",1996,"Oklahoma",35.2
"1314",1997,"Oklahoma",37.1
"1315",1998,"Oklahoma",35
"1316",1999,"Oklahoma",34.1
"1317",2000,"Oklahoma",36
"1318",2001,"Oklahoma",35.5
"1319",2002,"Oklahoma",37
"1320",2003,"Oklahoma",37.2
"1321",2004,"Oklahoma",35.1
"1322",2005,"Oklahoma",37.5
"1323",2006,"Oklahoma",36.3
"1324",2007,"Oklahoma",35.2
"1325",2008,"Oklahoma",37
"1326",2009,"Oklahoma",35.2
"1327",2010,"Oklahoma",32.7
"1328",2011,"Oklahoma",35.7
"1329",2012,"Oklahoma",30.9
"1330",2013,"Oklahoma",31.7
"1331",2014,"Oklahoma",31.7
"1332",NA,"Oklahoma",NA
"1333",1980,"Oregon",1.1
"1334",1981,"Oregon",2.4
"1335",1982,"Oregon",1.1
"1336",1983,"Oregon",0.9
"1337",1984,"Oregon",1.1
"1338",1985,"Oregon",0.9
"1339",1986,"Oregon",0.3
"1340",1987,"Oregon",0.3
"1341",1988,"Oregon",0.3
"1342",1989,"Oregon",0.6
"1343",1990,"Oregon",1.5
"1344",1991,"Oregon",3.1
"1345",1992,"Oregon",3.8
"1346",1993,"Oregon",3.5
"1347",1994,"Oregon",4.2
"1348",1995,"Oregon",1.9
"1349",1996,"Oregon",1.9
"1350",1997,"Oregon",1.5
"1351",1998,"Oregon",3.4
"1352",1999,"Oregon",3.6
"1353",2000,"Oregon",3.7
"1354",2001,"Oregon",4.1
"1355",2002,"Oregon",3.6
"1356",2003,"Oregon",4.2
"1357",2004,"Oregon",3.4
"1358",2005,"Oregon",3.4
"1359",2006,"Oregon",2.5
"1360",2007,"Oregon",4.3
"1361",2008,"Oregon",3.9
"1362",2009,"Oregon",3.1
"1363",2010,"Oregon",4
"1364",2011,"Oregon",3.3
"1365",2012,"Oregon",2.7
"1366",2013,"Oregon",3.7
"1367",2014,"Oregon",3.2
"1368",NA,"Oregon",NA
"1369",1980,"Pennsylvania",152
"1370",1981,"Pennsylvania",139.2
"1371",1982,"Pennsylvania",120.7
"1372",1983,"Pennsylvania",125
"1373",1984,"Pennsylvania",136.5
"1374",1985,"Pennsylvania",131.9
"1375",1986,"Pennsylvania",123.5
"1376",1987,"Pennsylvania",129.4
"1377",1988,"Pennsylvania",137.5
"1378",1989,"Pennsylvania",139.9
"1379",1990,"Pennsylvania",138.3
"1380",1991,"Pennsylvania",134.2
"1381",1992,"Pennsylvania",138.3
"1382",1993,"Pennsylvania",139.7
"1383",1994,"Pennsylvania",135.3
"1384",1995,"Pennsylvania",139.6
"1385",1996,"Pennsylvania",145.2
"1386",1997,"Pennsylvania",147.7
"1387",1998,"Pennsylvania",138.1
"1388",1999,"Pennsylvania",133.3
"1389",2000,"Pennsylvania",142
"1390",2001,"Pennsylvania",131
"1391",2002,"Pennsylvania",137.1
"1392",2003,"Pennsylvania",137.5
"1393",2004,"Pennsylvania",138.6
"1394",2005,"Pennsylvania",140.5
"1395",2006,"Pennsylvania",141.3
"1396",2007,"Pennsylvania",140.6
"1397",2008,"Pennsylvania",133.9
"1398",2009,"Pennsylvania",115.3
"1399",2010,"Pennsylvania",123.4
"1400",2011,"Pennsylvania",114.2
"1401",2012,"Pennsylvania",102.9
"1402",2013,"Pennsylvania",105.9
"1403",2014,"Pennsylvania",97.7
"1404",NA,"Pennsylvania",NA
"1405",1980,"Rhode.Island",0
"1406",1981,"Rhode.Island",0
"1407",1982,"Rhode.Island",0
"1408",1983,"Rhode.Island",0
"1409",1984,"Rhode.Island",0
"1410",1985,"Rhode.Island",0
"1411",1986,"Rhode.Island",0.1
"1412",1987,"Rhode.Island",0
"1413",1988,"Rhode.Island",0.4
"1414",1989,"Rhode.Island",0.1
"1415",1990,"Rhode.Island",0
"1416",1991,"Rhode.Island",0
"1417",1992,"Rhode.Island",0
"1418",1993,"Rhode.Island",0
"1419",1994,"Rhode.Island",0
"1420",1995,"Rhode.Island",0
"1421",1996,"Rhode.Island",0
"1422",1997,"Rhode.Island",0
"1423",1998,"Rhode.Island",0
"1424",1999,"Rhode.Island",0
"1425",2000,"Rhode.Island",0
"1426",2001,"Rhode.Island",0
"1427",2002,"Rhode.Island",0
"1428",2003,"Rhode.Island",0
"1429",2004,"Rhode.Island",0
"1430",2005,"Rhode.Island",0
"1431",2006,"Rhode.Island",0
"1432",2007,"Rhode.Island",0
"1433",2008,"Rhode.Island",0
"1434",2009,"Rhode.Island",0
"1435",2010,"Rhode.Island",0
"1436",2011,"Rhode.Island",0
"1437",2012,"Rhode.Island",0
"1438",2013,"Rhode.Island",0
"1439",2014,"Rhode.Island",0
"1440",NA,"Rhode.Island",NA
"1441",1980,"South.Carolina",23
"1442",1981,"South.Carolina",25
"1443",1982,"South.Carolina",25.5
"1444",1983,"South.Carolina",21.9
"1445",1984,"South.Carolina",22.9
"1446",1985,"South.Carolina",24.7
"1447",1986,"South.Carolina",24.8
"1448",1987,"South.Carolina",27.7
"1449",1988,"South.Carolina",28.4
"1450",1989,"South.Carolina",28.4
"1451",1990,"South.Carolina",27.3
"1452",1991,"South.Carolina",27.4
"1453",1992,"South.Carolina",27.2
"1454",1993,"South.Carolina",31.1
"1455",1994,"South.Carolina",31.2
"1456",1995,"South.Carolina",29.7
"1457",1996,"South.Carolina",33.3
"1458",1997,"South.Carolina",34.1
"1459",1998,"South.Carolina",35.3
"1460",1999,"South.Carolina",38
"1461",2000,"South.Carolina",40.8
"1462",2001,"South.Carolina",39.1
"1463",2002,"South.Carolina",38.2
"1464",2003,"South.Carolina",39.6
"1465",2004,"South.Carolina",40.9
"1466",2005,"South.Carolina",40.7
"1467",2006,"South.Carolina",40.8
"1468",2007,"South.Carolina",41.9
"1469",2008,"South.Carolina",42.1
"1470",2009,"South.Carolina",35.1
"1471",2010,"South.Carolina",38.2
"1472",2011,"South.Carolina",34.6
"1473",2012,"South.Carolina",28.2
"1474",2013,"South.Carolina",24.3
"1475",2014,"South.Carolina",28.9
"1476",NA,"South.Carolina",NA
"1477",1980,"South.Dakota",3.4
"1478",1981,"South.Dakota",3.4
"1479",1982,"South.Dakota",3.5
"1480",1983,"South.Dakota",2.9
"1481",1984,"South.Dakota",3.2
"1482",1985,"South.Dakota",3.2
"1483",1986,"South.Dakota",2.7
"1484",1987,"South.Dakota",1.4
"1485",1988,"South.Dakota",3.2
"1486",1989,"South.Dakota",3.2
"1487",1990,"South.Dakota",3.3
"1488",1991,"South.Dakota",3.6
"1489",1992,"South.Dakota",3.4
"1490",1993,"South.Dakota",3.4
"1491",1994,"South.Dakota",3.9
"1492",1995,"South.Dakota",3.5
"1493",1996,"South.Dakota",3.2
"1494",1997,"South.Dakota",4.1
"1495",1998,"South.Dakota",3.9
"1496",1999,"South.Dakota",4.4
"1497",2000,"South.Dakota",4.8
"1498",2001,"South.Dakota",4.2
"1499",2002,"South.Dakota",3.8
"1500",2003,"South.Dakota",4.1
"1501",2004,"South.Dakota",4.1
"1502",2005,"South.Dakota",3.5
"1503",2006,"South.Dakota",3.7
"1504",2007,"South.Dakota",3.1
"1505",2008,"South.Dakota",4.1
"1506",2009,"South.Dakota",3.5
"1507",2010,"South.Dakota",3.7
"1508",2011,"South.Dakota",3
"1509",2012,"South.Dakota",3.4
"1510",2013,"South.Dakota",3.2
"1511",2014,"South.Dakota",3.1
"1512",NA,"South.Dakota",NA
"1513",1980,"Tennessee",54.1
"1514",1981,"Tennessee",53
"1515",1982,"Tennessee",44.2
"1516",1983,"Tennessee",51.3
"1517",1984,"Tennessee",52.1
"1518",1985,"Tennessee",56.3
"1519",1986,"Tennessee",56.9
"1520",1987,"Tennessee",56
"1521",1988,"Tennessee",57.4
"1522",1989,"Tennessee",53.3
"1523",1990,"Tennessee",56.6
"1524",1991,"Tennessee",53.3
"1525",1992,"Tennessee",55.7
"1526",1993,"Tennessee",64.7
"1527",1994,"Tennessee",58.7
"1528",1995,"Tennessee",63.2
"1529",1996,"Tennessee",61.4
"1530",1997,"Tennessee",64.3
"1531",1998,"Tennessee",61.6
"1532",1999,"Tennessee",61.2
"1533",2000,"Tennessee",66.6
"1534",2001,"Tennessee",64.9
"1535",2002,"Tennessee",61.9
"1536",2003,"Tennessee",58.6
"1537",2004,"Tennessee",61.1
"1538",2005,"Tennessee",62.1
"1539",2006,"Tennessee",64
"1540",2007,"Tennessee",63.6
"1541",2008,"Tennessee",60.8
"1542",2009,"Tennessee",45.1
"1543",2010,"Tennessee",48.6
"1544",2011,"Tennessee",45.4
"1545",2012,"Tennessee",39.9
"1546",2013,"Tennessee",37.7
"1547",2014,"Tennessee",40.3
"1548",NA,"Tennessee",NA
"1549",1980,"Texas",68.7
"1550",1981,"Texas",80.4
"1551",1982,"Texas",87.4
"1552",1983,"Texas",95.5
"1553",1984,"Texas",100.9
"1554",1985,"Texas",108
"1555",1986,"Texas",109.3
"1556",1987,"Texas",113.2
"1557",1988,"Texas",119
"1558",1989,"Texas",125.7
"1559",1990,"Texas",125.6
"1560",1991,"Texas",125.7
"1561",1992,"Texas",124.8
"1562",1993,"Texas",134.9
"1563",1994,"Texas",131
"1564",1995,"Texas",128.8
"1565",1996,"Texas",140.2
"1566",1997,"Texas",143.8
"1567",1998,"Texas",140.6
"1568",1999,"Texas",144.5
"1569",2000,"Texas",146.2
"1570",2001,"Texas",141
"1571",2002,"Texas",146.4
"1572",2003,"Texas",151.4
"1573",2004,"Texas",153.5
"1574",2005,"Texas",153.7
"1575",2006,"Texas",152.1
"1576",2007,"Texas",152
"1577",2008,"Texas",151.7
"1578",2009,"Texas",141.4
"1579",2010,"Texas",148.1
"1580",2011,"Texas",160.1
"1581",2012,"Texas",141.5
"1582",2013,"Texas",150.8
"1583",2014,"Texas",149.8
"1584",NA,"Texas",NA
"1585",1980,"Utah",15.7
"1586",1981,"Utah",16.4
"1587",1982,"Utah",14.9
"1588",1983,"Utah",15
"1589",1984,"Utah",17.3
"1590",1985,"Utah",18.7
"1591",1986,"Utah",17.7
"1592",1987,"Utah",25.7
"1593",1988,"Utah",31.7
"1594",1989,"Utah",32.9
"1595",1990,"Utah",34.5
"1596",1991,"Utah",32.4
"1597",1992,"Utah",34.1
"1598",1993,"Utah",34.9
"1599",1994,"Utah",35.9
"1600",1995,"Utah",34.1
"1601",1996,"Utah",33.9
"1602",1997,"Utah",35.4
"1603",1998,"Utah",37.4
"1604",1999,"Utah",36.2
"1605",2000,"Utah",38
"1606",2001,"Utah",36.3
"1607",2002,"Utah",35
"1608",2003,"Utah",35.8
"1609",2004,"Utah",37.7
"1610",2005,"Utah",38.3
"1611",2006,"Utah",36.2
"1612",2007,"Utah",37
"1613",2008,"Utah",37.4
"1614",2009,"Utah",34.5
"1615",2010,"Utah",33.6
"1616",2011,"Utah",32.7
"1617",2012,"Utah",30.4
"1618",2013,"Utah",33.5
"1619",2014,"Utah",32.5
"1620",NA,"Utah",NA
"1621",1980,"Vermont",0.1
"1622",1981,"Vermont",0.1
"1623",1982,"Vermont",0.1
"1624",1983,"Vermont",0.1
"1625",1984,"Vermont",0.1
"1626",1985,"Vermont",0.2
"1627",1986,"Vermont",0.1
"1628",1987,"Vermont",0
"1629",1988,"Vermont",0
"1630",1989,"Vermont",0
"1631",1990,"Vermont",0
"1632",1991,"Vermont",0
"1633",1992,"Vermont",0
"1634",1993,"Vermont",0
"1635",1994,"Vermont",0
"1636",1995,"Vermont",0
"1637",1996,"Vermont",0
"1638",1997,"Vermont",0.3
"1639",1998,"Vermont",0
"1640",1999,"Vermont",0.2
"1641",2000,"Vermont",0
"1642",2001,"Vermont",0
"1643",2002,"Vermont",0
"1644",2003,"Vermont",0
"1645",2004,"Vermont",0
"1646",2005,"Vermont",0
"1647",2006,"Vermont",0
"1648",2007,"Vermont",0
"1649",2008,"Vermont",0
"1650",2009,"Vermont",0
"1651",2010,"Vermont",0
"1652",2011,"Vermont",0
"1653",2012,"Vermont",0
"1654",2013,"Vermont",0
"1655",2014,"Vermont",0
"1656",NA,"Vermont",NA
"1657",1980,"Virginia",21.7
"1658",1981,"Virginia",24.7
"1659",1982,"Virginia",24.3
"1660",1983,"Virginia",25.8
"1661",1984,"Virginia",28.7
"1662",1985,"Virginia",27.9
"1663",1986,"Virginia",28.4
"1664",1987,"Virginia",31.7
"1665",1988,"Virginia",32.2
"1666",1989,"Virginia",36.1
"1667",1990,"Virginia",33.5
"1668",1991,"Virginia",35.9
"1669",1992,"Virginia",35.8
"1670",1993,"Virginia",37.4
"1671",1994,"Virginia",35
"1672",1995,"Virginia",36.3
"1673",1996,"Virginia",40.4
"1674",1997,"Virginia",40.8
"1675",1998,"Virginia",41.4
"1676",1999,"Virginia",41.9
"1677",2000,"Virginia",47.8
"1678",2001,"Virginia",46
"1679",2002,"Virginia",45.5
"1680",2003,"Virginia",43.7
"1681",2004,"Virginia",42.6
"1682",2005,"Virginia",43.3
"1683",2006,"Virginia",40.9
"1684",2007,"Virginia",43.2
"1685",2008,"Virginia",39.2
"1686",2009,"Virginia",31.5
"1687",2010,"Virginia",32.6
"1688",2011,"Virginia",27.1
"1689",2012,"Virginia",20.9
"1690",2013,"Virginia",27.3
"1691",2014,"Virginia",26.2
"1692",NA,"Virginia",NA
"1693",1980,"Washington",8.5
"1694",1981,"Washington",8.5
"1695",1982,"Washington",7
"1696",1983,"Washington",7.5
"1697",1984,"Washington",7.7
"1698",1985,"Washington",8.8
"1699",1986,"Washington",5.9
"1700",1987,"Washington",9
"1701",1988,"Washington",9.3
"1702",1989,"Washington",9.1
"1703",1990,"Washington",8.1
"1704",1991,"Washington",8.4
"1705",1992,"Washington",10
"1706",1993,"Washington",9.2
"1707",1994,"Washington",10.1
"1708",1995,"Washington",6.6
"1709",1996,"Washington",8.6
"1710",1997,"Washington",7.6
"1711",1998,"Washington",9.8
"1712",1999,"Washington",9.1
"1713",2000,"Washington",10
"1714",2001,"Washington",9.4
"1715",2002,"Washington",9.5
"1716",2003,"Washington",11.2
"1717",2004,"Washington",10.6
"1718",2005,"Washington",10.6
"1719",2006,"Washington",6.5
"1720",2007,"Washington",9
"1721",2008,"Washington",8.9
"1722",2009,"Washington",7.9
"1723",2010,"Washington",9
"1724",2011,"Washington",5.4
"1725",2012,"Washington",4
"1726",2013,"Washington",7.1
"1727",2014,"Washington",7.2
"1728",NA,"Washington",NA
"1729",1980,"West.Virginia",80.1
"1730",1981,"West.Virginia",82
"1731",1982,"West.Virginia",75.7
"1732",1983,"West.Virginia",77.5
"1733",1984,"West.Virginia",84.3
"1734",1985,"West.Virginia",81.9
"1735",1986,"West.Virginia",82.3
"1736",1987,"West.Virginia",81.9
"1737",1988,"West.Virginia",86
"1738",1989,"West.Virginia",87.7
"1739",1990,"West.Virginia",82.3
"1740",1991,"West.Virginia",75.6
"1741",1992,"West.Virginia",76.5
"1742",1993,"West.Virginia",77.3
"1743",1994,"West.Virginia",83.9
"1744",1995,"West.Virginia",82.2
"1745",1996,"West.Virginia",86.2
"1746",1997,"West.Virginia",88.5
"1747",1998,"West.Virginia",92.3
"1748",1999,"West.Virginia",93.7
"1749",2000,"West.Virginia",92.3
"1750",2001,"West.Virginia",81.7
"1751",2002,"West.Virginia",93.7
"1752",2003,"West.Virginia",92.3
"1753",2004,"West.Virginia",88.4
"1754",2005,"West.Virginia",90.6
"1755",2006,"West.Virginia",90.5
"1756",2007,"West.Virginia",92.8
"1757",2008,"West.Virginia",90.2
"1758",2009,"West.Virginia",70.1
"1759",2010,"West.Virginia",80
"1760",2011,"West.Virginia",77.6
"1761",2012,"West.Virginia",71.4
"1762",2013,"West.Virginia",72.8
"1763",2014,"West.Virginia",77
"1764",NA,"West.Virginia",NA
"1765",1980,"Wisconsin",30.7
"1766",1981,"Wisconsin",30.7
"1767",1982,"Wisconsin",30.4
"1768",1983,"Wisconsin",33.1
"1769",1984,"Wisconsin",34.1
"1770",1985,"Wisconsin",33.9
"1771",1986,"Wisconsin",34.9
"1772",1987,"Wisconsin",36.3
"1773",1988,"Wisconsin",37.1
"1774",1989,"Wisconsin",36.7
"1775",1990,"Wisconsin",37.2
"1776",1991,"Wisconsin",38.2
"1777",1992,"Wisconsin",37.2
"1778",1993,"Wisconsin",38
"1779",1994,"Wisconsin",40.1
"1780",1995,"Wisconsin",41.7
"1781",1996,"Wisconsin",42.9
"1782",1997,"Wisconsin",46
"1783",1998,"Wisconsin",44.6
"1784",1999,"Wisconsin",45.4
"1785",2000,"Wisconsin",47.1
"1786",2001,"Wisconsin",46.6
"1787",2002,"Wisconsin",46.4
"1788",2003,"Wisconsin",46.1
"1789",2004,"Wisconsin",47.1
"1790",2005,"Wisconsin",49.3
"1791",2006,"Wisconsin",43.7
"1792",2007,"Wisconsin",43.9
"1793",2008,"Wisconsin",45.4
"1794",2009,"Wisconsin",40.2
"1795",2010,"Wisconsin",43.3
"1796",2011,"Wisconsin",42.2
"1797",2012,"Wisconsin",35.2
"1798",2013,"Wisconsin",42.9
"1799",2014,"Wisconsin",39.4
"1800",NA,"Wisconsin",NA
"1801",1980,"Wyoming",25.1
"1802",1981,"Wyoming",29.9
"1803",1982,"Wyoming",31.3
"1804",1983,"Wyoming",29.5
"1805",1984,"Wyoming",33.8
"1806",1985,"Wyoming",38.1
"1807",1986,"Wyoming",31.6
"1808",1987,"Wyoming",40.2
"1809",1988,"Wyoming",41.9
"1810",1989,"Wyoming",40
"1811",1990,"Wyoming",43.3
"1812",1991,"Wyoming",42.5
"1813",1992,"Wyoming",46.3
"1814",1993,"Wyoming",44.1
"1815",1994,"Wyoming",46.3
"1816",1995,"Wyoming",43.8
"1817",1996,"Wyoming",44.7
"1818",1997,"Wyoming",44.2
"1819",1998,"Wyoming",48.8
"1820",1999,"Wyoming",46.9
"1821",2000,"Wyoming",47.8
"1822",2001,"Wyoming",47.2
"1823",2002,"Wyoming",45.3
"1824",2003,"Wyoming",46.6
"1825",2004,"Wyoming",47.2
"1826",2005,"Wyoming",46.4
"1827",2006,"Wyoming",46.2
"1828",2007,"Wyoming",46.7
"1829",2008,"Wyoming",47.2
"1830",2009,"Wyoming",44.7
"1831",2010,"Wyoming",45.7
"1832",2011,"Wyoming",44.2
"1833",2012,"Wyoming",46.3
"1834",2013,"Wyoming",49.2
"1835",2014,"Wyoming",46.2
"1836",NA,"Wyoming",NA
